dt,sensor,tmp,hum,press
"2016, 21, 6",sensor_0,31.03297222,42.82163889,101074.6798
"2016, 21, 6",sensor_0,31.13013889,43.11336111,101014.7264
"2016, 21, 6",sensor_0,30.77008333,45.18991667,100947.3506
"2016, 21, 6",sensor_0,30.47477778,47.40413889,100888.959
"2016, 21, 6",sensor_0,30.67333333,49.34266667,100837.7874
"2016, 21, 6",sensor_0,30.544,51.04713889,100851.628
"2016, 21, 6",sensor_0,29.43719444,55.48613889,100937.2153
"2016, 21, 6",sensor_0,29.70858333,52.39763889,100830.9453
"2016, 21, 6",sensor_0,32.76261111,42.23336111,100918.3825
"2016, 21, 6",sensor_0,39.21955556,26.05,100997.7276
"2016, 21, 6",sensor_0,41.388,24.34488889,101011.9579
"2016, 21, 6",sensor_0,44.00744444,21.37638889,101051.9686
"2016, 21, 6",sensor_0,44.78475,20.41055556,100992.5495
"2016, 21, 6",sensor_0,45.08511111,20.53752778,100911.1868
"2016, 21, 6",sensor_0,44.07583333,22.38102778,100837.0746
"2016, 21, 6",sensor_0,40.93086111,26.27566667,100735.3644
"2016, 21, 6",sensor_0,36.01077778,34.61319444,100702.7945
"2016, 21, 6",sensor_0,34.65241667,42.34908333,100664.0681
"2016, 21, 6",sensor_0,33.18611111,50.94666667,100643.82
"2016, 21, 6",sensor_0,33.03344444,52.18597222,100671.3602
"2016, 21, 6",sensor_0,32.95913889,46.08561111,100719.876
"2016, 21, 6",sensor_0,31.84244444,29.00491667,100808.4616
"2016, 21, 6",sensor_0,31.29172222,30.20097222,100841.64
"2016, 21, 6",sensor_0,30.95319444,29.95641667,100857.3084
"2016, 22, 6",sensor_0,30.97186111,28.27852778,100881.3067
"2016, 22, 6",sensor_0,31.47369444,27.30788889,100870.5393
"2016, 22, 6",sensor_0,30.58561111,29.44622222,100848.5617
"2016, 22, 6",sensor_0,29.49177778,34.15277778,100852.8679
"2016, 22, 6",sensor_0,28.27919444,41.83413889,100856.928
"2016, 22, 6",sensor_0,28.87069444,38.21863889,100847.4601
"2016, 22, 6",sensor_0,32.49213889,37.15772222,100859.247
"2016, 22, 6",sensor_0,39.00580556,27.44144444,100864.3688
"2016, 22, 6",sensor_0,45.65730556,20.56838889,100858.3198
"2016, 22, 6",sensor_0,44.906,20.52463889,100866.947
"2016, 22, 6",sensor_0,46.33813889,20.06255556,100886.8809
"2016, 22, 6",sensor_0,43.08136111,21.65794444,100853.1114
"2016, 22, 6",sensor_0,40.25236111,21.81686111,100848.3981
"2016, 22, 6",sensor_0,39.70875,21.92063889,100867.6244
"2016, 22, 6",sensor_0,36.32611111,23.56763889,100891.7966
"2016, 22, 6",sensor_0,35.74180556,24.30494444,100885.9456
"2016, 22, 6",sensor_0,35.00394444,25.43986111,100920.8205
"2016, 22, 6",sensor_0,34.71341667,26.516,100930.0112
"2016, 22, 6",sensor_0,34.48922222,28.88572222,100944.8283
"2016, 22, 6",sensor_0,33.69402778,30.01358333,100981.9181
"2016, 22, 6",sensor_0,32.65366667,31.15027778,101037.6219
"2016, 22, 6",sensor_0,32.66716667,30.51233333,101125.0591
"2016, 22, 6",sensor_0,32.03547222,31.125,101199.1859
"2016, 22, 6",sensor_0,31.60186111,34.43761111,101230.5234
"2016, 23, 6",sensor_0,30.59591667,36.11380556,101199.4452
"2016, 23, 6",sensor_0,30.82419444,36.05375,101179.5249
"2016, 23, 6",sensor_0,30.52313889,37.86494444,101197.6546
"2016, 23, 6",sensor_0,30.39530556,39.20736111,101138.9108
"2016, 23, 6",sensor_0,29.99647222,38.84319444,101106.6585
"2016, 23, 6",sensor_0,29.54536111,42.79269444,101113.5289
"2016, 23, 6",sensor_0,29.78588889,45.15675,101139.0186
"2016, 23, 6",sensor_0,31.1405,39.93794444,101131.3259
"2016, 23, 6",sensor_0,33.71230556,34.53816667,101114.7684
"2016, 23, 6",sensor_0,35.50594444,31.95994444,101119.6323
"2016, 23, 6",sensor_0,34.00063889,36.24069444,101104.6492
"2016, 23, 6",sensor_0,34.73858333,36.74486111,101040.7873
"2016, 23, 6",sensor_0,36.12813889,33.81369444,100987.7254
"2016, 23, 6",sensor_0,38.103207,33.06247813,100936.8208
"2016, 23, 6",sensor_0,40.76922222,29.62625,100908.2698
"2016, 23, 6",sensor_0,38.05355556,32.30402778,100922.4258
"2016, 23, 6",sensor_0,36.55088889,34.80763889,100898.4951
"2016, 23, 6",sensor_0,32.68394444,46.70386111,100877.8418
"2016, 23, 6",sensor_0,31.94708333,54.76311111,100890.359
"2016, 23, 6",sensor_0,30.67091667,58.58413889,100924.5791
"2016, 23, 6",sensor_0,28.93620112,65.29645251,100972.8665
"2016, 23, 6",sensor_0,29.38069444,62.99036111,101035.657
"2016, 23, 6",sensor_0,29.75761111,60.46544444,101089.1218
"2016, 23, 6",sensor_0,29.53822222,61.7425,101127.3073
"2016, 24, 6",sensor_0,29.04938889,64.43875,101129.8103
"2016, 24, 6",sensor_0,29.05536111,64.39936111,101156.3134
"2016, 24, 6",sensor_0,28.74666667,65.26338889,101222.1203
"2016, 24, 6",sensor_0,29.09827778,63.8435,101249.8745
"2016, 24, 6",sensor_0,28.08655556,67.37588889,101297.3534
"2016, 24, 6",sensor_0,27.23825,59.11863889,101371.1799
"2016, 24, 6",sensor_0,29.24030556,42.67033333,101431.0614
"2016, 24, 6",sensor_0,30.02119444,45.20261111,101511.5577
"2016, 24, 6",sensor_0,33.35161111,35.70047222,101596.6512
"2016, 24, 6",sensor_0,37.90061111,29.91055556,101649.0979
"2016, 24, 6",sensor_0,38.81847222,28.32997222,101679.3606
"2016, 24, 6",sensor_0,39.34527778,26.95777778,101707.6757
"2016, 24, 6",sensor_0,39.25038889,26.65247222,101699.1145
"2016, 24, 6",sensor_0,36.36775,29.1665,101708.7813
"2016, 24, 6",sensor_0,33.07463889,35.59413889,101733.351
"2016, 24, 6",sensor_0,31.65544444,42.71411111,101771.3628
"2016, 24, 6",sensor_0,30.49716667,51.13752778,101766.0058
"2016, 24, 6",sensor_0,29.12219444,55.48452778,101764.8434
"2016, 24, 6",sensor_0,28.81911111,54.80180556,101792.2086
"2016, 24, 6",sensor_0,28.14033333,58.16530556,101818.5963
"2016, 24, 6",sensor_0,27.79230556,61.28533333,101831.753
"2016, 24, 6",sensor_0,27.44552778,63.64936111,101884.559
"2016, 24, 6",sensor_0,27.71119444,63.13344444,101931.1648
"2016, 24, 6",sensor_0,26.92369444,64.82622222,101923.8115
"2016, 25, 6",sensor_0,26.8555,64.18711111,101934.2216
"2016, 25, 6",sensor_0,26.36113889,65.93694444,101961.1782
"2016, 25, 6",sensor_0,25.22536111,67.81022222,101957.6418
"2016, 25, 6",sensor_0,24.47488889,67.86922222,101979.5553
"2016, 25, 6",sensor_0,24.69636111,72.38830556,102010.6006
"2016, 25, 6",sensor_0,24.87272222,70.94838889,102070.8955
"2016, 25, 6",sensor_0,28.45530556,59.05230556,102133.5856
"2016, 25, 6",sensor_0,33.01008333,45.10436111,102176.5235
"2016, 25, 6",sensor_0,37.90933333,34.39341667,102193.1428
"2016, 25, 6",sensor_0,42.32383333,27.43344444,102195.3933
"2016, 25, 6",sensor_0,41.15311111,28.89708333,102187.1839
"2016, 25, 6",sensor_0,42.32425,28.39883333,102211.3642
"2016, 25, 6",sensor_0,42.39458333,30.05755556,102211.6871
"2016, 25, 6",sensor_0,40.92716667,28.87205556,102196.8521
"2016, 25, 6",sensor_0,37.53861111,27.66161111,102153.3172
"2016, 25, 6",sensor_0,35.08158333,29.90219444,102118.6304
"2016, 25, 6",sensor_0,33.65591667,31.85352778,102122.3064
"2016, 25, 6",sensor_0,31.96583333,33.70238889,102132.0326
"2016, 25, 6",sensor_0,30.44052778,35.65111111,102107.1779
"2016, 25, 6",sensor_0,29.53883333,38.11719444,102118.3281
"2016, 25, 6",sensor_0,28.34527778,46.93266667,102169.9268
"2016, 25, 6",sensor_0,27.60711111,53.20638889,102199.6714
"2016, 25, 6",sensor_0,27.16919444,57.97072222,102219.7497
"2016, 25, 6",sensor_0,26.74977778,61.93697222,102230.3543
"2016, 26, 6",sensor_0,26.89883333,63.24747222,102250.8713
"2016, 26, 6",sensor_0,26.39063889,66.53261111,102275.3448
"2016, 26, 6",sensor_0,26.95027778,62.81519444,102297.2146
"2016, 26, 6",sensor_0,26.80705556,60.85441667,102346.8247
"2016, 26, 6",sensor_0,26.70494444,63.91966667,102344.4501
"2016, 26, 6",sensor_0,26.59238889,64.04561111,102316.9295
"2016, 26, 6",sensor_0,30.20427778,54.7515,102307.2389
"2016, 26, 6",sensor_0,37.10672222,37.22613889,102310.5168
"2016, 26, 6",sensor_0,41.58061111,29.17658333,102322.861
"2016, 26, 6",sensor_0,45.10005556,22.83352778,102306.7057
"2016, 26, 6",sensor_0,43.83975,23.35338889,102279.9871
"2016, 26, 6",sensor_0,43.24586111,25.062,102263.2741
"2016, 26, 6",sensor_0,41.21388889,28.26252778,102268.0631
"2016, 26, 6",sensor_0,39.85833333,30.97169444,102232.6163
"2016, 26, 6",sensor_0,36.15063889,35.92694444,102185.8112
"2016, 26, 6",sensor_0,33.79963889,37.89616667,102126.8052
"2016, 26, 6",sensor_0,32.85547222,37.75675,102088.9358
"2016, 26, 6",sensor_0,31.60025,38.17788889,102036.3281
"2016, 26, 6",sensor_0,30.82991667,34.98036111,102014.0639
"2016, 26, 6",sensor_0,31.09186111,36.44572222,101985.1254
"2016, 26, 6",sensor_0,30.26861111,38.75075,101946.6126
"2016, 26, 6",sensor_0,29.62941667,38.58747222,101947.7501
"2016, 26, 6",sensor_0,29.40102778,38.66138889,101961.3318
"2016, 26, 6",sensor_0,28.79311111,40.51108333,101979.943
"2016, 27, 6",sensor_0,27.94919444,43.5495,101975.5366
"2016, 27, 6",sensor_0,27.03780556,45.37566667,101992.1406
"2016, 27, 6",sensor_0,26.26913889,52.30375,101963.4136
"2016, 27, 6",sensor_0,25.80786111,55.32705556,101942.0124
"2016, 27, 6",sensor_0,25.36486111,61.02566667,101938.5738
"2016, 27, 6",sensor_0,25.16991667,67.60983333,101952.6381
"2016, 27, 6",sensor_0,27.08847222,65.12891667,101947.5805
"2016, 27, 6",sensor_0,31.08094444,51.37408333,101917.5679
"2016, 27, 6",sensor_0,36.70502778,39.10377778,101912.5488
"2016, 27, 6",sensor_0,39.08233333,34.75436111,101897.8851
"2016, 27, 6",sensor_0,40.01216901,32.14876056,101848.6447
"2016, 27, 6",sensor_0,39.53263889,35.39713889,101805.6759
"2016, 27, 6",sensor_0,38.48405556,39.29152778,101751.626
"2016, 27, 6",sensor_0,37.95952778,41.53108333,101675.5669
"2016, 27, 6",sensor_0,34.65736111,50.34147222,101592.4958
"2016, 27, 6",sensor_0,32.90363889,54.42005556,101541.9926
"2016, 27, 6",sensor_0,32.69988889,56.04847222,101505.4569
"2016, 27, 6",sensor_0,32.07044444,57.28547222,101478.2313
"2016, 27, 6",sensor_0,30.31916667,64.07266667,101472.7443
"2016, 27, 6",sensor_0,29.60044444,66.47480556,101506.2241
"2016, 27, 6",sensor_0,28.72766667,73.32608333,101532.185
"2016, 27, 6",sensor_0,28.02461111,80.60716667,101579.4609
"2016, 27, 6",sensor_0,27.44289474,88.61142105,101610.4014
"2016, 27, 6",sensor_0,26.2165343,97.55877256,101574.4556
"2016, 28, 6",sensor_0,28.80144444,85.47869444,101564.5804
"2016, 28, 6",sensor_0,28.47602778,85.0155,101534.2481
"2016, 28, 6",sensor_0,29.661,79.72833333,101510.2892
"2016, 28, 6",sensor_0,29.15305556,79.02566667,101477.2218
"2016, 28, 6",sensor_0,29.91986111,73.95652778,101472.0215
"2016, 28, 6",sensor_0,30.34719444,72.22130556,101496.1392
"2016, 28, 6",sensor_0,29.906,75.48713889,101488.7196
"2016, 28, 6",sensor_0,28.84283333,73.67991667,101516.2102
"2016, 28, 6",sensor_0,30.07444444,68.95905556,101523.9581
"2016, 28, 6",sensor_0,30.45558333,70.21338889,101517.2461
"2016, 28, 6",sensor_0,31.30922222,68.13988889,101492.7697
"2016, 28, 6",sensor_0,31.34761111,68.15447222,101480.8176
"2016, 28, 6",sensor_0,31.00208333,69.46475,101464.0397
"2016, 28, 6",sensor_0,32.37075,65.07475,101414.9803
"2016, 28, 6",sensor_0,35.89991667,55.04516667,101318.9895
"2016, 28, 6",sensor_0,35.138,56.44072222,101270.7699
"2016, 28, 6",sensor_0,33.66263889,60.83588889,101208.5602
"2016, 28, 6",sensor_0,30.41658333,73.61586111,101208.2999
"2016, 28, 6",sensor_0,29.31494444,86.61522222,101217.7604
"2016, 28, 6",sensor_0,29.64558333,76.76713889,101218.3601
"2016, 28, 6",sensor_0,29.98311111,73.57844444,101190.9583
"2016, 28, 6",sensor_0,30.32955556,72.43283333,101128.8234
"2016, 28, 6",sensor_0,29.42944444,75.21444444,101137.6265
"2016, 28, 6",sensor_0,29.70475,73.75394444,101148.6149
"2016, 29, 6",sensor_0,29.02172222,74.53905556,101126.7182
"2016, 29, 6",sensor_0,28.80447222,74.35694444,101144.205
"2016, 29, 6",sensor_0,31.29044444,65.92647222,101189.1483
"2016, 29, 6",sensor_0,35.24247222,53.95052778,101219.1493
"2016, 29, 6",sensor_0,39.87508333,42.66127778,101238.0405
"2016, 29, 6",sensor_0,39.33819444,42.76541667,101232.2018
"2016, 29, 6",sensor_0,39.49322222,41.27258333,101205.5476
"2016, 29, 6",sensor_0,43.407,35.35258333,101191.9993
"2016, 29, 6",sensor_0,44.499,32.30136111,101139.3653
"2016, 29, 6",sensor_0,43.14489362,32.59234043,101110.0632
"2016, 29, 6",sensor_0,30.21985075,50.75119403,101133.2857
"2016, 29, 6",sensor_0,32.50077778,44.12838889,101157.655
"2016, 29, 6",sensor_0,31.99436111,45.37677778,101228.7888
"2016, 29, 6",sensor_0,30.65802778,48.35563889,101294.4022
"2016, 29, 6",sensor_0,30.40163889,49.54516667,101343.2666
"2016, 29, 6",sensor_0,29.82766667,51.07183333,101351.0269
"2016, 29, 6",sensor_0,29.38391667,52.84197222,101359.8524
"2016, 29, 6",sensor_0,29.15813889,54.00252778,101377.475
"2016, 29, 6",sensor_0,28.98502778,55.59461111,101401.1819
"2016, 29, 6",sensor_0,28.62097222,56.99063889,101437.1457
"2016, 29, 6",sensor_0,27.99913889,58.64552778,101492.2168
"2016, 30, 6",sensor_0,29.54258333,54.02325,101556.7928
"2016, 30, 6",sensor_0,34.05763889,42.77347222,101586.8088
"2016, 30, 6",sensor_0,37.59530556,36.49738889,101598.8566
"2016, 30, 6",sensor_0,41.72097222,29.79277778,101605.3862
"2016, 30, 6",sensor_0,45.22263889,25.26227778,101626.1184
"2016, 30, 6",sensor_0,46.39722222,23.59827778,101618.2379
"2016, 30, 6",sensor_0,46.50380556,22.84966667,101602.4482
"2016, 30, 6",sensor_0,43.77038889,25.87088889,101571.4384
"2016, 30, 6",sensor_0,40.51505556,28.18519444,101524.6042
"2016, 30, 6",sensor_0,40.3245,27.797,101491.7398
"2016, 30, 6",sensor_0,38.51308333,31.19652778,101450.7137
"2016, 30, 6",sensor_0,35.0785,40.62866667,101473.007
"2016, 30, 6",sensor_0,33.66744444,46.35483333,101493.0482
"2016, 30, 6",sensor_0,33.58747222,46.85352778,101504.6544
"2016, 30, 6",sensor_0,33.19866667,49.76744444,101512.1556
"2016, 30, 6",sensor_0,32.50819444,53.38222222,101546.69
"2016, 30, 6",sensor_0,31.69680556,55.72866667,101592.4928
"2016, 30, 6",sensor_0,31.09488889,56.04536111,101582.7334
"2016, 30, 6",sensor_0,31.38905556,53.39677778,101590.795
"2016, 30, 6",sensor_0,30.59036111,55.34797222,101622.5399
"2016, 30, 6",sensor_0,30.53719444,50.98619444,101589.9437
"2016, 30, 6",sensor_0,30.57586111,50.93247222,101558.3509
"2016, 30, 6",sensor_0,30.71108333,52.59572222,101565.1363
"2016, 30, 6",sensor_0,30.25405556,56.21938889,101559.6427
"2016, 1, 7",sensor_0,31.60811111,54.84333333,101579.5108
"2016, 1, 7",sensor_0,33.53341667,54.51097222,101583.8198
"2016, 1, 7",sensor_0,36.73316667,50.00455556,101564.5045
"2016, 1, 7",sensor_0,41.5485,40.39672222,101541.5467
"2016, 1, 7",sensor_0,39.26283333,44.91872222,101485.4342
"2016, 1, 7",sensor_0,38.36327778,47.54955556,101464.602
"2016, 1, 7",sensor_0,37.73711111,49.13822222,101422.9133
"2016, 1, 7",sensor_0,36.37675,53.51819444,101379.9543
"2016, 1, 7",sensor_0,36.02186111,56.44788889,101309.7517
"2016, 1, 7",sensor_0,33.86144444,64.13525,101187.8713
"2016, 1, 7",sensor_0,33.09269444,63.94052778,101098.1991
"2016, 1, 7",sensor_0,30.92902778,64.69002778,101068.2082
"2016, 1, 7",sensor_0,29.579,76.68183333,101136.5084
"2016, 1, 7",sensor_0,31.13255556,70.11869444,101131.9995
"2016, 1, 7",sensor_0,29.64386111,77.90958333,101106.7501
"2016, 1, 7",sensor_0,29.90791667,74.81619444,101109.0549
"2016, 1, 7",sensor_0,29.11330556,74.56205556,101176.0567
"2016, 1, 7",sensor_0,30.60269444,69.43302778,101107.8323
"2016, 1, 7",sensor_0,30.57711111,71.8825,101092.7118
"2016, 1, 7",sensor_0,30.46563889,71.15433333,101080.2217
"2016, 1, 7",sensor_0,29.604,76.01488889,101106.0127
"2016, 1, 7",sensor_0,28.63797222,74.78016667,101120.4626
"2016, 1, 7",sensor_0,26.818,71.49891667,101167.4217
"2016, 1, 7",sensor_0,24.88705556,68.06869444,101260.1206
"2016, 2, 7",sensor_0,26.21427778,63.59980556,101362.6403
"2016, 2, 7",sensor_0,30.74480556,48.96030556,101449.3316
"2016, 2, 7",sensor_0,33.44211111,42.5615,101500.9418
"2016, 2, 7",sensor_0,33.63747222,40.90591667,101501.0594
"2016, 2, 7",sensor_0,35.43961111,33.94705556,101498.5511
"2016, 2, 7",sensor_0,33.99555556,34.35883333,101508.3245
"2016, 2, 7",sensor_0,34.73544444,32.27730556,101527.6643
"2016, 2, 7",sensor_0,35.07886111,30.83311111,101538.3957
"2016, 2, 7",sensor_0,34.31377778,31.16655556,101513.3795
"2016, 2, 7",sensor_0,32.43163889,32.62444444,101509.5393
"2016, 2, 7",sensor_0,31.83330556,32.42836111,101524.4044
"2016, 2, 7",sensor_0,31.33336111,32.35811111,101548.1683
"2016, 2, 7",sensor_0,31.31775,33.57283333,101560.3314
"2016, 2, 7",sensor_0,30.91372222,36.21288889,101605.2725
"2016, 2, 7",sensor_0,30.59155556,37.94794444,101637.6845
"2016, 2, 7",sensor_0,30.12688259,39.24797571,101674.0119
"2016, 2, 7",sensor_0,27.52772487,48.22084656,101759.2883
"2016, 2, 7",sensor_0,29.47355556,43.53086111,101765.5216
"2016, 2, 7",sensor_0,29.05336111,44.45458333,101750.9831
"2016, 2, 7",sensor_0,28.86116667,45.57175,101748.0781
"2016, 2, 7",sensor_0,28.62997222,45.08047222,101746.8782
"2016, 2, 7",sensor_0,28.452,47.2465,101753.244
"2016, 2, 7",sensor_0,28.21780556,48.22766667,101782.7305
"2016, 2, 7",sensor_0,27.82566667,50.36816667,101824.9421
"2016, 3, 7",sensor_0,29.78411111,48.29669444,101858.5755
"2016, 3, 7",sensor_0,36.97091667,33.51402778,101914.5451
"2016, 3, 7",sensor_0,37.23063889,30.83002778,101938.0636
"2016, 3, 7",sensor_0,33.8185,35.42091667,101933.4178
"2016, 3, 7",sensor_0,38.54044444,29.84755556,101919.0381
"2016, 3, 7",sensor_0,38.13125,28.96977778,101903.2958
"2016, 3, 7",sensor_0,39.82241667,25.82027778,101878.0759
"2016, 3, 7",sensor_0,40.40091667,23.20555556,101843.8383
"2016, 3, 7",sensor_0,38.10825,26.72880556,101807.1703
"2016, 3, 7",sensor_0,36.17691667,28.733,101770.9163
"2016, 3, 7",sensor_0,35.80080556,30.61491667,101715.3355
"2016, 3, 7",sensor_0,34.80616667,34.20361111,101686.7537
"2016, 3, 7",sensor_0,32.39733333,43.12852778,101680.1833
"2016, 3, 7",sensor_0,30.65416667,49.60983333,101706.8308
"2016, 3, 7",sensor_0,30.39669444,51.56616667,101720.0473
"2016, 3, 7",sensor_0,30.45938889,51.99805556,101730.824
"2016, 3, 7",sensor_0,29.84072222,54.20472222,101758.9885
"2016, 3, 7",sensor_0,29.47675,54.83263889,101777.1189
"2016, 3, 7",sensor_0,30.02319444,53.62147222,101804.8324
"2016, 3, 7",sensor_0,29.64741667,54.88638889,101791.8875
"2016, 3, 7",sensor_0,29.28936111,56.07675,101774.8334
"2016, 3, 7",sensor_0,28.34136111,58.11444444,101752.5447
"2016, 3, 7",sensor_0,27.98252778,59.6585,101754.7271
"2016, 3, 7",sensor_0,27.86805556,60.33633333,101772.4088
"2016, 4, 7",sensor_0,29.97747222,55.34483333,101819.196
"2016, 4, 7",sensor_0,38.78952778,36.88916667,101857.7715
"2016, 4, 7",sensor_0,42.32402778,31.90644444,101863.672
"2016, 4, 7",sensor_0,45.23075,27.78036111,101856.6146
"2016, 4, 7",sensor_0,48.32102778,24.46766667,101841.9928
"2016, 4, 7",sensor_0,48.52655556,22.55111111,101807.9478
"2016, 4, 7",sensor_0,42.09680556,25.55411111,101759.2072
"2016, 4, 7",sensor_0,40.41941667,29.78230556,101692.8773
"2016, 4, 7",sensor_0,38.71358333,31.63469444,101634.6991
"2016, 4, 7",sensor_0,35.59422222,34.27938889,101581.2399
"2016, 4, 7",sensor_0,34.75577778,42.84422222,101536.7236
"2016, 4, 7",sensor_0,33.89766667,52.23791667,101468.6437
"2016, 4, 7",sensor_0,31.90394444,62.07275,101415.8378
"2016, 4, 7",sensor_0,31.41627778,62.22908333,101404.9239
"2016, 4, 7",sensor_0,30.37861111,63.52108333,101427.466
"2016, 4, 7",sensor_0,29.55061111,69.29502778,101408.2372
"2016, 4, 7",sensor_0,29.76913889,70.37697222,101385.4069
"2016, 4, 7",sensor_0,29.70780556,72.68008333,101318.1367
"2016, 4, 7",sensor_0,29.02488889,78.36305556,101205.6031
"2016, 4, 7",sensor_0,29.61752778,78.96211111,101078.6875
"2016, 4, 7",sensor_0,30.06069444,79.68947222,100977.1665
"2016, 4, 7",sensor_0,30.73916667,77.13316667,100913.9619
"2016, 4, 7",sensor_0,30.41002778,78.24480556,100881.5681
"2016, 4, 7",sensor_0,30.69997222,76.75688889,100860.6402
"2016, 5, 7",sensor_0,31.18213889,74.63816667,100825.9984
"2016, 5, 7",sensor_0,31.44597222,73.80972222,100815.0898
"2016, 5, 7",sensor_0,32.70727778,69.52516667,100801.9604
"2016, 5, 7",sensor_0,38.57647222,51.28033333,100803.3166
"2016, 5, 7",sensor_0,37.74522222,50.88052778,100782.5219
"2016, 5, 7",sensor_0,36.18830556,54.02991667,100821.5519
"2016, 5, 7",sensor_0,37.47,49.55030556,100828.7198
"2016, 5, 7",sensor_0,41.38355556,41.32005556,100817.7817
"2016, 5, 7",sensor_0,42.5045,38.95838889,100808.9117
"2016, 5, 7",sensor_0,40.31323529,42.42558824,100798.3688
"2016, 5, 7",sensor_0,35.82074627,51.86164179,100772.3837
"2016, 5, 7",sensor_0,36.26431429,50.39845714,100794.8123
"2016, 5, 7",sensor_0,36.19244444,51.25255556,100837.0332
"2016, 5, 7",sensor_0,36.76477778,51.35944444,100895.4829
"2016, 5, 7",sensor_0,36.43258333,52.29713889,100948.1907
"2016, 5, 7",sensor_0,35.80658333,54.03975,100988.5719
"2016, 5, 7",sensor_0,35.27427778,55.7255,101032.8928
"2016, 5, 7",sensor_0,35.05597222,56.30333333,101028.6447
"2016, 5, 7",sensor_0,34.38636111,58.10363889,100996.2661
"2016, 5, 7",sensor_0,33.91586111,59.71241667,100951.3946
"2016, 5, 7",sensor_0,33.61472222,60.80438889,100963.3943
"2016, 5, 7",sensor_0,32.70094444,64.73461111,101040.4916
"2016, 6, 7",sensor_0,34.87438889,58.55072222,101130.9206
"2016, 6, 7",sensor_0,42.38783333,41.25186111,101180.7443
"2016, 6, 7",sensor_0,47.62377778,32.77072222,101164.7948
"2016, 6, 7",sensor_0,50.81083333,28.66197222,101133.4714
"2016, 6, 7",sensor_0,50.96427778,26.10641667,101115.4452
"2016, 6, 7",sensor_0,51.12341667,24.32613889,101116.4056
"2016, 6, 7",sensor_0,50.28763889,25.79711111,101107.4764
"2016, 6, 7",sensor_0,46.33113889,28.62408333,101062.005
"2016, 6, 7",sensor_0,46.85577778,28.80972222,100999.6444
"2016, 6, 7",sensor_0,42.61847222,34.02986111,100954.5414
"2016, 6, 7",sensor_0,42.17886111,35.59052778,100890.7526
"2016, 6, 7",sensor_0,40.34980556,39.59722222,100852.4416
"2016, 6, 7",sensor_0,38.88358333,44.01225,100827.4439
"2016, 6, 7",sensor_0,37.16744444,50.02316667,100844.4125
"2016, 6, 7",sensor_0,37.01522222,52.55886111,100866.9838
"2016, 6, 7",sensor_0,36.77691667,54.60822222,100888.5378
"2016, 6, 7",sensor_0,36.03963889,58.23808333,100919.2536
"2016, 6, 7",sensor_0,35.84438889,60.14519444,100930.7938
"2016, 6, 7",sensor_0,35.61994444,61.32686111,100941.6739
"2016, 6, 7",sensor_0,35.23563889,62.67897222,100941.1674
"2016, 6, 7",sensor_0,35.96975,59.98733333,100902.8526
"2016, 6, 7",sensor_0,35.93255556,60.00519444,100850.9969
"2016, 6, 7",sensor_0,35.73372222,60.47372222,100809.2101
"2016, 6, 7",sensor_0,35.0425,62.56247222,100803.372
"2016, 7, 7",sensor_0,37.26072222,56.42088889,100823.3584
"2016, 7, 7",sensor_0,44.50711111,40.70338889,100849.3444
"2016, 7, 7",sensor_0,49.52552778,33.91230556,100858.2876
"2016, 7, 7",sensor_0,50.85286111,32.75086111,100844.6611
"2016, 7, 7",sensor_0,46.87038889,37.90072222,100829.3686
"2016, 7, 7",sensor_0,47.03108333,34.40125,100786.2703
"2016, 7, 7",sensor_0,44.40161111,37.83427778,100767.9035
"2016, 7, 7",sensor_0,44.85688889,37.80338889,100679.1713
"2016, 7, 7",sensor_0,40.8621727,45.41083565,100610.9173
"2016, 7, 7",sensor_0,42.75988889,42.79077778,100591.9508
"2016, 7, 7",sensor_0,37.92511111,55.09038889,100601.1142
"2016, 7, 7",sensor_0,37.64627778,55.24711111,100610.672
"2016, 7, 7",sensor_0,36.13121569,57.32513725,100636.9226
"2016, 7, 7",sensor_0,33.82292683,69.00850174,100647.273
"2016, 8, 7",sensor_0,44.20344828,39.15844828,100908.9808
"2016, 8, 7",sensor_0,43.23344444,43.6995,100869.306
"2016, 8, 7",sensor_0,40.13452778,51.48330556,100884.2104
"2016, 8, 7",sensor_0,37.56838889,56.61472222,100878.0307
"2016, 8, 7",sensor_0,35.55155556,60.59863889,100871.6641
"2016, 8, 7",sensor_0,33.59630556,64.74472222,100883.8216
"2016, 8, 7",sensor_0,31.18961538,71.4193956,100912.561
"2016, 9, 7",sensor_0,26.66443182,89.55840909,101018.8142
"2016, 9, 7",sensor_0,28.38146479,79.22380282,100997.5544
"2016, 9, 7",sensor_0,27.50722034,83.3439661,100971.439
"2016, 9, 7",sensor_0,26.71144444,87.39244444,101020.7197
"2016, 9, 7",sensor_0,26.11867133,92.34454545,101015.6501
"2016, 9, 7",sensor_0,25.92325088,93.65310954,101082.9723
"2016, 9, 7",sensor_0,27.50181159,86.71333333,101139.2338
"2016, 10, 7",sensor_0,37.14180328,38.93819672,101872.576
"2016, 10, 7",sensor_0,41.77391667,30.82894444,101861.9964
"2016, 10, 7",sensor_0,42.60286111,28.69836111,101817.7073
"2016, 10, 7",sensor_0,40.19241722,31.53622517,101773.065
"2016, 11, 7",sensor_0,38.09380556,33.70416667,101819.8284
"2016, 11, 7",sensor_0,35.39827778,37.41597222,101813.4761
"2016, 11, 7",sensor_0,35.95033333,36.00255556,101756.0122
"2016, 11, 7",sensor_0,35.19147222,37.99127778,101710.8983
"2016, 11, 7",sensor_0,33.80383333,48.53844444,101768.5354
"2016, 11, 7",sensor_0,31.32319444,56.92411111,101819.3008
"2016, 11, 7",sensor_0,30.26372222,61.31116667,101861.9698
"2016, 11, 7",sensor_0,29.34255556,63.80566667,101891.054
"2016, 11, 7",sensor_0,29.60163889,62.30869444,101907.5043
"2016, 11, 7",sensor_0,29.04977778,65.40963889,101906.375
"2016, 11, 7",sensor_0,29.23241667,66.41425,101879.0332
"2016, 11, 7",sensor_0,29.55802778,65.72372222,101873.4212
"2016, 11, 7",sensor_0,29.42841667,67.5315,101895.4003
"2016, 11, 7",sensor_0,29.07702778,68.91227778,101916.213
"2016, 11, 7",sensor_0,29.06205556,68.99388889,101948.4559
"2016, 11, 7",sensor_0,29.70013889,66.86263889,101997.7746
"2016, 11, 7",sensor_0,37.56552778,46.59661111,102034.3861
"2016, 11, 7",sensor_0,42.68594444,36.17819444,102070.6683
"2016, 11, 7",sensor_0,43.18791667,33.33041667,102066.397
